frame,timestamp_s,brightness,saturation,edge_density,top_edge_density,bottom_edge_density,histogram_change,motion_score,scene_cut
0,0.0,170.3942,60.7271,0.01603,0.028403,0.017054,0.0,0.0,0
1,0.0333,186.2638,57.0549,0.014297,0.027032,0.017056,0.155941,2.802589,0
2,0.0667,188.7752,56.4856,0.014096,0.025667,0.017043,0.065027,0.343888,0
3,0.1,189.012,55.9904,0.013872,0.025603,0.017045,0.031371,0.144905,0
4,0.1333,189.483,55.3246,0.013593,0.025691,0.01703,0.017334,0.176784,0
5,0.1667,189.457,55.3621,0.013676,0.025851,0.01719,0.00614,0.022782,0
6,0.2,189.5249,55.323,0.013634,0.025731,0.01719,0.007818,0.024288,0
7,0.2333,189.4855,55.3298,0.013693,0.025671,0.017571,0.008373,0.026448,0
8,0.2667,189.4856,55.3575,0.013744,0.025707,0.017836,0.005691,0.028265,0
9,0.3,189.4932,55.3409,0.013762,0.02577,0.01777,0.006823,0.039684,0
10,0.3333,189.4691,55.3584,0.013832,0.025847,0.017772,0.005886,0.027563,0
11,0.3667,189.4451,55.4062,0.0139,0.025919,0.018024,0.004479,0.011353,0
12,0.4,189.4403,55.4641,0.013807,0.02579,0.017783,0.006981,0.070404,0
13,0.4333,189.3835,55.5189,0.013913,0.025946,0.01805,0.00566,0.052104,0
14,0.4667,189.3386,55.6079,0.013939,0.026029,0.017947,0.006967,0.042071,0
15,0.5,189.4012,55.4881,0.014044,0.026064,0.018129,0.008037,0.043112,0
16,0.5333,189.3667,55.5124,0.013986,0.026198,0.018184,0.007333,0.032453,0
17,0.5667,189.2954,55.3262,0.014169,0.025983,0.019267,0.049167,0.172989,0
18,0.6,68.8378,56.0558,0.014911,0.025851,0.018413,0.062463,15.32753,0
19,0.6333,68.9046,55.9158,0.015194,0.026227,0.01981,0.012762,0.061953,0
20,0.6667,68.9128,55.8724,0.014897,0.025647,0.019223,0.011299,0.072987,0
21,0.7,68.9211,55.9463,0.014901,0.025693,0.019096,0.013008,0.077825,0
22,0.7333,68.9345,55.9321,0.015013,0.025941,0.019451,0.007692,0.044616,0
23,0.7667,69.2562,56.2267,0.015126,0.026055,0.018343,0.013088,0.074226,0
24,0.8,69.518,56.2138,0.015272,0.025788,0.018339,0.008787,0.062746,0
25,0.8333,69.4776,56.2415,0.015163,0.026082,0.018319,0.005327,0.021934,0
26,0.8667,69.7056,56.2919,0.015478,0.026064,0.01803,0.010739,0.094082,0
27,0.9,70.0147,56.3782,0.016047,0.026084,0.018319,0.021629,0.151827,0
28,0.9333,70.0922,56.7286,0.015963,0.026292,0.018319,0.017578,0.135499,0
29,0.9667,70.3077,56.8372,0.016281,0.026185,0.018022,0.016553,0.137493,0
30,1.0,70.6446,57.1537,0.017301,0.026279,0.018146,0.018689,0.099475,0
31,1.0333,70.6757,57.087,0.017279,0.026477,0.017991,0.005493,0.02537,0
32,1.0667,70.6623,57.1065,0.017224,0.026573,0.018153,0.00546,0.024663,0
33,1.1,72.776,56.9661,0.017583,0.026159,0.018648,0.031116,0.43988,0
34,1.1333,74.4687,56.9762,0.017783,0.026415,0.018138,0.028481,0.153576,0
35,1.1667,78.1753,57.0933,0.017882,0.026437,0.01814,0.039608,0.422521,0
36,1.2,81.9965,57.1285,0.018477,0.026347,0.018144,0.047496,0.923356,0
37,1.2333,87.7206,57.209,0.019351,0.026341,0.018195,0.044692,0.332606,0
38,1.2667,86.3977,57.1382,0.018843,0.026086,0.018127,0.020436,0.14689,0
39,1.3,86.3347,57.2468,0.018828,0.025943,0.018127,0.005394,0.046394,0
40,1.3333,86.455,57.0149,0.019114,0.025597,0.018203,0.00805,0.265795,0
41,1.3667,90.6952,57.2259,0.019777,0.025781,0.018087,0.02507,0.248945,0
42,1.4,93.2074,57.1547,0.019598,0.025748,0.018138,0.018946,0.097274,0
43,1.4333,93.7599,57.1645,0.019338,0.025911,0.018107,0.009706,0.067025,0
44,1.4667,102.358,57.5157,0.020213,0.025911,0.018175,0.047338,0.317941,0
45,1.5,118.966,57.5976,0.020126,0.026209,0.018087,0.04593,0.387742,0
46,1.5333,123.8684,57.7211,0.019788,0.026022,0.018089,0.037479,0.256878,0
47,1.5667,126.0102,57.4723,0.019637,0.025715,0.018624,0.031655,0.103373,0
48,1.6,128.0708,57.2977,0.018016,0.025838,0.018361,0.024388,0.149523,0
49,1.6333,129.6528,57.3978,0.018022,0.025764,0.017849,0.029275,0.120727,0
50,1.6667,130.4568,57.3006,0.01824,0.025742,0.017875,0.047903,0.112003,0
51,1.7,131.4941,57.2345,0.018318,0.025722,0.017873,0.022138,0.135935,0
52,1.7333,131.6302,57.3066,0.017785,0.026178,0.017978,0.016028,0.08586,0
53,1.7667,131.6522,57.296,0.017639,0.025827,0.017954,0.004698,0.044576,0
54,1.8,131.6363,57.3628,0.017671,0.02581,0.017871,0.005796,0.032871,0
55,1.8333,131.8416,57.3415,0.017953,0.025924,0.017868,0.006646,0.050359,0
56,1.8667,131.8987,57.2186,0.018084,0.026248,0.017868,0.006643,0.059286,0
57,1.9,131.8877,57.4091,0.018269,0.026139,0.017868,0.008405,0.064485,0
58,1.9333,131.8878,57.4253,0.018561,0.026944,0.017868,0.007674,0.057036,0
59,1.9667,132.001,57.3451,0.018705,0.026944,0.018374,0.005937,0.027713,0
60,2.0,131.985,57.4546,0.018712,0.027271,0.017868,0.009725,0.048749,0
61,2.0333,132.1308,57.5075,0.019266,0.027288,0.017868,0.006874,0.032122,0
62,2.0667,132.222,57.4954,0.019373,0.027181,0.017634,0.005211,0.032982,0
63,2.1,132.3425,57.4088,0.019988,0.027302,0.017632,0.011659,0.036029,0
64,2.1333,132.3872,57.4131,0.020287,0.027453,0.01763,0.008956,0.026412,0
65,2.1667,132.4415,57.4516,0.020395,0.027297,0.01763,0.005515,0.01793,0
66,2.2,132.5279,57.3714,0.020482,0.027106,0.01763,0.006378,0.038098,0
67,2.2333,132.522,57.3822,0.020513,0.027225,0.01763,0.0048,0.016966,0
68,2.2667,132.7096,57.3433,0.020541,0.027021,0.017632,0.006435,0.036054,0
69,2.3,132.9306,57.4446,0.020838,0.026984,0.017632,0.006267,0.034526,0
70,2.3333,133.1325,57.3593,0.021266,0.027317,0.017632,0.005234,0.0433,0
71,2.3667,133.2247,57.439,0.021417,0.026959,0.017632,0.005632,0.056504,0
72,2.4,133.3862,57.5534,0.021691,0.027087,0.017632,0.007312,0.056308,0
73,2.4333,133.5019,57.5631,0.022139,0.027409,0.017632,0.006792,0.031414,0
74,2.4667,133.6937,57.3784,0.022417,0.027308,0.017632,0.006464,0.063672,0
75,2.5,133.6448,57.578,0.022327,0.027611,0.017632,0.007674,0.068359,0
76,2.5333,133.7127,57.556,0.022448,0.027438,0.017632,0.006019,0.032699,0
77,2.5667,133.8824,57.5148,0.022785,0.027144,0.017632,0.006393,0.0316,0
78,2.6,133.9552,57.5365,0.022839,0.02708,0.017632,0.006036,0.030888,0
79,2.6333,134.0836,57.5298,0.022905,0.026823,0.017632,0.004794,0.029479,0
80,2.6667,134.2725,57.4845,0.023021,0.026648,0.017632,0.006648,0.052442,0
81,2.7,134.5225,57.4795,0.023391,0.026494,0.017632,0.006235,0.059288,0
82,2.7333,134.5062,57.5045,0.023315,0.026325,0.017632,0.005457,0.017138,0
83,2.7667,134.5157,57.4742,0.023315,0.026205,0.017632,0.005463,0.015495,0
84,2.8,134.5117,57.4381,0.023335,0.026286,0.017632,0.004365,0.019598,0
85,2.8333,134.5326,57.3506,0.02353,0.026209,0.018578,0.006132,0.02175,0
86,2.8667,133.9883,57.4201,0.023174,0.026148,0.017632,0.045609,0.056596,0
87,2.9,133.9278,57.4907,0.023223,0.026341,0.017632,0.005061,0.020513,0
88,2.9333,133.0662,58.1088,0.023829,0.026564,0.017632,0.121766,0.049196,0
89,2.9667,131.7491,58.8722,0.023195,0.026444,0.017632,0.121697,0.091093,0
90,3.0,131.894,62.2012,0.023944,0.026698,0.017544,0.073055,0.07066,0
91,3.0333,130.9853,62.707,0.023995,0.026569,0.017544,0.052937,0.151222,0
92,3.0667,131.0535,62.6621,0.023366,0.026523,0.017706,0.005694,0.024219,0
93,3.1,131.1628,62.4481,0.023316,0.026334,0.017544,0.005584,0.077537,0
94,3.1333,131.1136,62.5799,0.023197,0.026154,0.017544,0.004826,0.028703,0
95,3.1667,131.1971,62.469,0.023243,0.026088,0.01754,0.006064,0.028505,0
96,3.2,131.1636,62.512,0.023208,0.02609,0.017542,0.004885,0.021304,0
97,3.2333,131.1341,62.541,0.023321,0.02599,0.01754,0.004944,0.037149,0
98,3.2667,131.1007,62.5087,0.023272,0.025867,0.01754,0.005402,0.064053,0
99,3.3,130.9412,62.548,0.02333,0.026014,0.01754,0.005486,0.054823,0
100,3.3333,130.9539,62.5402,0.02326,0.025685,0.01754,0.007083,0.063208,0
101,3.3667,130.8787,62.6027,0.023311,0.025882,0.01754,0.004997,0.05115,0
102,3.4,130.911,62.5808,0.023443,0.026029,0.01786,0.007283,0.087652,0
103,3.4333,130.7438,62.6898,0.023402,0.026244,0.017538,0.010699,0.072393,0
104,3.4667,130.6709,62.6904,0.023456,0.026367,0.017538,0.005414,0.046563,0
105,3.5,130.6665,62.7214,0.023389,0.026224,0.01754,0.005136,0.043755,0
106,3.5333,130.647,62.6766,0.023301,0.026213,0.017485,0.006752,0.037628,0
107,3.5667,130.5893,62.6525,0.023387,0.026202,0.017488,0.004791,0.054792,0
108,3.6,130.5969,62.7015,0.023333,0.026086,0.017488,0.006944,0.034613,0
109,3.6333,130.6555,62.6046,0.023216,0.026014,0.017485,0.007035,0.066071,0
110,3.6667,130.5743,62.6786,0.023291,0.026033,0.017485,0.004779,0.066192,0
111,3.7,130.6345,62.5539,0.023303,0.025963,0.017488,0.007899,0.06167,0
112,3.7333,130.5706,62.5779,0.023281,0.025948,0.017488,0.005062,0.036344,0
113,3.7667,130.5833,62.5066,0.023262,0.025748,0.017485,0.006074,0.030862,0
114,3.8,130.533,62.5312,0.02322,0.025693,0.017485,0.00605,0.02447,0
115,3.8333,130.476,62.4916,0.023266,0.02586,0.017579,0.005246,0.033047,0
116,3.8667,130.464,62.5371,0.023305,0.026022,0.017632,0.003881,0.022458,0
117,3.9,130.2561,62.6324,0.023239,0.025786,0.017477,0.00772,0.046199,0
118,3.9333,130.1923,62.6003,0.023312,0.026073,0.017474,0.00675,0.082233,0
119,3.9667,130.1399,62.7016,0.023257,0.026376,0.017474,0.00505,0.057608,0
120,4.0,130.1429,62.6855,0.023094,0.025803,0.017474,0.004662,0.030292,0
121,4.0333,129.962,62.7002,0.023172,0.025671,0.017474,0.00813,0.043623,0
122,4.0667,129.8851,62.704,0.023154,0.025625,0.017474,0.007871,0.035837,0
123,4.1,129.8067,62.5993,0.023326,0.025498,0.017472,0.012944,0.044249,0
124,4.1333,129.7227,62.6834,0.023165,0.025329,0.017477,0.007034,0.04801,0
125,4.1667,129.5603,62.7409,0.023127,0.025439,0.017569,0.006595,0.034849,0
126,4.2,129.3693,62.6283,0.0232,0.025586,0.017477,0.007718,0.038709,0
127,4.2333,129.3287,62.6516,0.02307,0.025415,0.017477,0.009658,0.062374,0
128,4.2667,129.1097,62.6405,0.023113,0.025724,0.017477,0.008781,0.057712,0
129,4.3,129.1175,62.6578,0.023037,0.025412,0.017477,0.004258,0.013532,0
130,4.3333,129.0535,62.574,0.023003,0.025248,0.017503,0.012825,0.031607,0
131,4.3667,128.9715,62.6716,0.023279,0.025283,0.018111,0.011379,0.026824,0
132,4.4,128.9743,62.5852,0.023516,0.025219,0.019193,0.009913,0.040816,0
133,4.4333,128.9677,62.5707,0.023407,0.02541,0.01911,0.008015,0.065342,0
134,4.4667,128.843,62.8808,0.023093,0.025553,0.017477,0.010293,0.045216,0
135,4.5,128.8428,62.9224,0.023064,0.025502,0.017509,0.005078,0.024718,0
136,4.5333,128.9044,62.7205,0.023477,0.025542,0.018956,0.008262,0.028979,0
137,4.5667,128.9177,62.7134,0.023449,0.025419,0.018952,0.00419,0.02848,0
138,4.6,128.8517,62.8597,0.023392,0.025358,0.017982,0.006753,0.04846,0
139,4.6333,128.8738,62.8634,0.023238,0.02557,0.017479,0.006689,0.033286,0
140,4.6667,128.8804,62.7905,0.023383,0.025801,0.017479,0.005338,0.022548,0
141,4.7,128.8514,62.8566,0.023341,0.025652,0.017479,0.005865,0.031331,0
142,4.7333,128.8535,62.8026,0.023335,0.025485,0.017479,0.004578,0.039458,0
143,4.7667,128.8541,62.7448,0.023434,0.025643,0.017479,0.005867,0.033939,0
144,4.8,128.8064,62.8003,0.023487,0.025597,0.01749,0.006331,0.036908,0
145,4.8333,128.864,62.7849,0.023469,0.025524,0.017488,0.005471,0.057663,0
146,4.8667,128.8603,62.7728,0.023513,0.025584,0.017488,0.003423,0.038555,0
147,4.9,128.8136,62.7584,0.023509,0.025566,0.017488,0.00487,0.032,0
148,4.9333,128.7572,62.8602,0.023524,0.025717,0.017488,0.007369,0.04069,0
149,4.9667,128.698,62.9213,0.023587,0.026088,0.017488,0.004284,0.026729,0
150,5.0,128.7128,62.9056,0.023602,0.026248,0.017488,0.005953,0.027503,0
151,5.0333,128.7486,62.8357,0.02352,0.026198,0.017488,0.006465,0.038666,0
152,5.0667,128.7298,62.8673,0.023636,0.026483,0.017488,0.005537,0.024077,0
153,5.1,128.8384,62.6638,0.023695,0.025917,0.017604,0.005229,0.063204,0
154,5.1333,128.8075,62.7627,0.02367,0.026154,0.017601,0.005663,0.05931,0
155,5.1667,128.7692,62.8017,0.023762,0.02649,0.01749,0.004884,0.051532,0
156,5.2,128.7876,62.8007,0.023735,0.026444,0.01749,0.004946,0.02705,0
157,5.2333,128.8435,62.6902,0.023717,0.026286,0.01749,0.005382,0.028905,0
158,5.2667,128.8115,62.7043,0.023791,0.026505,0.01749,0.003932,0.020091,0
159,5.3,128.8039,62.6827,0.023867,0.026553,0.01749,0.004479,0.022482,0
160,5.3333,128.8145,62.6398,0.023828,0.026281,0.01749,0.00386,0.03515,0
161,5.3667,128.8066,62.636,0.023849,0.026398,0.01749,0.003913,0.02227,0
162,5.4,128.7457,62.6877,0.023892,0.026426,0.01749,0.005409,0.025404,0
163,5.4333,128.6978,62.7195,0.02403,0.0266,0.01749,0.005338,0.028995,0
164,5.4667,128.6426,62.7997,0.024044,0.02692,0.01749,0.004724,0.044219,0
165,5.5,128.6039,62.8748,0.024072,0.026869,0.01749,0.004931,0.02748,0
166,5.5333,128.6669,62.7904,0.023994,0.02665,0.01749,0.0054,0.028745,0
167,5.5667,128.6376,62.8305,0.023997,0.026624,0.01749,0.00383,0.018221,0
168,5.6,128.64,62.8439,0.023961,0.026325,0.01749,0.006117,0.028614,0
169,5.6333,128.6579,62.8221,0.024007,0.026417,0.01749,0.006104,0.037963,0
170,5.6667,128.6346,62.8583,0.023928,0.026356,0.01749,0.004689,0.023254,0
171,5.7,128.6631,62.7706,0.023853,0.025939,0.01749,0.006069,0.069194,0
172,5.7333,128.6089,62.8203,0.023847,0.026119,0.01749,0.00585,0.052364,0
173,5.7667,128.5565,62.78,0.023967,0.026084,0.01749,0.004743,0.032751,0
174,5.8,128.5048,62.8415,0.023842,0.025775,0.01749,0.005162,0.032301,0
175,5.8333,128.4999,62.8152,0.023908,0.025742,0.01749,0.005145,0.024625,0
176,5.8667,128.4684,62.8275,0.023811,0.025728,0.01765,0.003438,0.018676,0
177,5.9,128.4282,62.9225,0.023914,0.025693,0.01749,0.007714,0.027587,0
178,5.9333,128.318,62.958,0.024051,0.025957,0.01749,0.007706,0.05281,0
179,5.9667,128.268,63.0118,0.024054,0.02593,0.01749,0.003947,0.022614,0
180,6.0,128.3283,62.9469,0.02388,0.025619,0.01749,0.005781,0.05415,0
181,6.0333,128.326,62.9788,0.023998,0.025761,0.01749,0.005595,0.05331,0
182,6.0667,128.3432,62.9951,0.023949,0.025957,0.017492,0.003351,0.024711,0
183,6.1,128.3406,63.0128,0.023838,0.025689,0.017492,0.004873,0.026859,0
184,6.1333,128.3858,62.9397,0.023791,0.025625,0.017492,0.004419,0.024355,0
185,6.1667,128.4474,62.8566,0.023813,0.02559,0.017494,0.00398,0.017784,0
186,6.2,128.4157,62.8605,0.02383,0.025371,0.017494,0.006855,0.044303,0
187,6.2333,128.3726,62.8729,0.023853,0.025481,0.017492,0.006501,0.025918,0
188,6.2667,128.3531,62.8858,0.02375,0.025423,0.017494,0.004381,0.020696,0
189,6.3,128.4121,62.8332,0.023784,0.025261,0.017494,0.004676,0.051306,0
190,6.3333,128.3473,62.8802,0.023727,0.025481,0.017494,0.004165,0.051633,0
191,6.3667,128.3297,62.8945,0.023819,0.025478,0.017494,0.005442,0.024412,0
192,6.4,128.3084,62.9246,0.023712,0.025474,0.017494,0.011149,0.020367,0
193,6.4333,128.2715,62.9448,0.023694,0.025524,0.017496,0.00827,0.040867,0
194,6.4667,128.2404,62.9563,0.023956,0.025832,0.017943,0.010379,0.032974,0
195,6.5,128.2167,63.0008,0.023886,0.025698,0.01798,0.014389,0.048441,0
196,6.5333,128.222,63.1126,0.023795,0.025884,0.017496,0.006768,0.041224,0
197,6.5667,128.2345,63.0635,0.023809,0.025801,0.017761,0.007129,0.02059,0
198,6.6,128.2937,63.0332,0.02364,0.025391,0.017496,0.004617,0.051528,0
199,6.6333,128.2947,63.131,0.023817,0.025621,0.017498,0.018351,0.059079,0
200,6.6667,128.4103,63.0669,0.023709,0.025178,0.017496,0.007895,0.070019,0
201,6.7,128.407,63.1227,0.023816,0.02518,0.017496,0.015017,0.021854,0
202,6.7333,128.4996,63.1079,0.023854,0.025092,0.017496,0.007614,0.03212,0
203,6.7667,128.5675,63.0277,0.023943,0.025101,0.017496,0.009081,0.050463,0
204,6.8,128.5525,63.0095,0.023913,0.025033,0.017496,0.00941,0.04644,0
205,6.8333,128.5505,63.0525,0.023919,0.025046,0.017496,0.005998,0.025291,0
206,6.8667,128.544,63.0386,0.023962,0.025178,0.017496,0.00353,0.017282,0
207,6.9,128.5444,63.0815,0.023859,0.025088,0.017496,0.009777,0.01555,0
208,6.9333,128.5017,63.1513,0.024005,0.025283,0.017496,0.010777,0.035332,0
209,6.9667,128.4418,63.2524,0.02394,0.025645,0.017496,0.00768,0.059054,0
210,7.0,128.4166,63.235,0.023924,0.025696,0.017496,0.00608,0.019767,0
211,7.0333,128.456,63.1392,0.023931,0.025487,0.017496,0.007722,0.036566,0
212,7.0667,128.4383,63.1787,0.023939,0.025516,0.017496,0.005449,0.031719,0
213,7.1,128.4485,63.1471,0.02388,0.025294,0.017496,0.003867,0.038099,0
214,7.1333,128.477,63.0967,0.023915,0.025366,0.017496,0.004422,0.026309,0
215,7.1667,128.4641,63.0566,0.023969,0.02557,0.017496,0.005282,0.034267,0
216,7.2,128.5031,62.9785,0.023935,0.025303,0.017496,0.006705,0.052016,0
217,7.2333,128.4494,63.0198,0.023963,0.025452,0.017505,0.006857,0.059666,0
218,7.2667,128.4054,63.0144,0.023995,0.025513,0.01761,0.00905,0.043938,0
219,7.3,128.4847,62.8212,0.024032,0.025336,0.017606,0.007878,0.028654,0
220,7.3333,128.3801,63.0217,0.023994,0.025417,0.017621,0.005854,0.030379,0
221,7.3667,128.3355,63.0444,0.02399,0.025428,0.017496,0.003637,0.021806,0
222,7.4,128.3265,63.0689,0.023931,0.025408,0.017496,0.005462,0.03224,0
223,7.4333,128.2344,63.1721,0.024015,0.025783,0.017496,0.007398,0.036559,0
224,7.4667,128.1834,63.2297,0.024042,0.025862,0.017496,0.004496,0.026128,0
225,7.5,128.2011,63.2244,0.024088,0.025777,0.017496,0.004694,0.027439,0
226,7.5333,128.1819,63.1885,0.024025,0.025617,0.017496,0.005704,0.021635,0
227,7.5667,128.1783,63.2343,0.023975,0.025555,0.017496,0.004714,0.021016,0
228,7.6,128.2358,63.1842,0.023951,0.025518,0.017496,0.004886,0.022394,0
229,7.6333,128.2325,63.2064,0.023913,0.02547,0.017496,0.004361,0.024792,0
230,7.6667,128.2961,62.9597,0.024091,0.02552,0.017702,0.011923,0.023547,0
231,7.7,128.3175,63.0571,0.024117,0.025259,0.018343,0.010779,0.043242,0
232,7.7333,128.3596,62.9216,0.024312,0.025285,0.019317,0.007336,0.048391,0
233,7.7667,128.3364,63.0606,0.023949,0.025011,0.017494,0.011725,0.067886,0
234,7.8,128.2752,63.1779,0.023885,0.025248,0.017494,0.008542,0.061163,0
235,7.8333,128.3537,63.0253,0.02409,0.025334,0.017575,0.006029,0.039131,0
236,7.8667,128.271,63.2008,0.023988,0.02532,0.017494,0.005395,0.049732,0
237,7.9,128.2613,63.2246,0.023995,0.025408,0.017494,0.003737,0.029988,0
238,7.9333,128.1666,63.4001,0.024052,0.025737,0.017494,0.008693,0.039432,0
239,7.9667,128.1508,63.406,0.024155,0.025943,0.017494,0.005775,0.037672,0
240,8.0,128.1664,63.4133,0.02411,0.025917,0.017494,0.004023,0.033794,0
241,8.0333,128.1683,63.42,0.024068,0.025781,0.017494,0.004747,0.031807,0
242,8.0667,128.2285,63.323,0.024026,0.025568,0.017492,0.00401,0.054418,0
243,8.1,128.2497,63.2242,0.024395,0.025709,0.019066,0.008334,0.058939,0
244,8.1333,128.2355,63.3471,0.024087,0.02572,0.017494,0.009341,0.041049,0
245,8.1667,128.2232,63.3484,0.024052,0.025807,0.017494,0.004169,0.025681,0
246,8.2,128.2877,63.2842,0.024013,0.02556,0.017494,0.004182,0.024131,0
247,8.2333,128.3002,63.1917,0.024095,0.025511,0.017494,0.005053,0.028333,0
248,8.2667,128.3292,63.0942,0.02421,0.025588,0.01786,0.005494,0.023395,0
249,8.3,128.3355,63.1312,0.023999,0.025568,0.017494,0.005801,0.031351,0
250,8.3333,128.2791,63.2167,0.024007,0.025557,0.017481,0.004702,0.02456,0
251,8.3667,128.3232,63.1395,0.024001,0.025331,0.017481,0.004115,0.050434,0
252,8.4,128.2578,63.2375,0.024025,0.025454,0.017481,0.004745,0.04846,0
253,8.4333,128.2682,63.2147,0.024085,0.025606,0.017481,0.005752,0.081002,0
254,8.4667,128.2155,63.2947,0.024037,0.025599,0.017481,0.004996,0.028144,0
255,8.5,128.2572,63.2585,0.023944,0.025325,0.017481,0.005662,0.023028,0
256,8.5333,128.2671,63.2093,0.023966,0.025428,0.017481,0.00482,0.023071,0
257,8.5667,128.2746,63.266,0.023922,0.02525,0.017481,0.004726,0.030341,0
258,8.6,128.2634,63.2439,0.023951,0.025419,0.017481,0.003818,0.02223,0
259,8.6333,128.2886,63.2502,0.023983,0.025329,0.017481,0.004014,0.022233,0
260,8.6667,128.403,63.0538,0.024032,0.025454,0.017481,0.005384,0.057929,0
261,8.7,128.3145,63.1832,0.024084,0.025617,0.017481,0.004034,0.051658,0
262,8.7333,128.2754,63.2541,0.024089,0.025728,0.017481,0.004687,0.054389,0
263,8.7667,128.2725,63.2102,0.024105,0.025676,0.017481,0.003993,0.012654,0
264,8.8,128.3223,63.1449,0.024095,0.025603,0.017481,0.003833,0.021081,0
265,8.8333,128.2829,63.1899,0.02413,0.025632,0.017481,0.003808,0.019271,0
266,8.8667,128.2802,63.2008,0.024161,0.025755,0.017481,0.004318,0.01744,0
267,8.9,128.2679,63.1924,0.024126,0.025584,0.017481,0.003195,0.031708,0
268,8.9333,128.1798,63.3388,0.024321,0.025807,0.017481,0.004831,0.030382,0
269,8.9667,128.1666,63.3135,0.024234,0.025612,0.017481,0.005743,0.064837,0
270,9.0,128.1158,63.3693,0.024294,0.025843,0.017481,0.003794,0.048124,0
271,9.0333,128.1382,63.3169,0.024308,0.025954,0.017481,0.005121,0.050068,0
272,9.0667,128.1942,63.307,0.024291,0.025915,0.017608,0.004893,0.015579,0
273,9.1,128.2421,63.0063,0.024606,0.026038,0.018923,0.009024,0.033543,0
274,9.1333,128.2707,62.968,0.024633,0.025799,0.018915,0.005157,0.027762,0
275,9.1667,128.2651,63.0398,0.024541,0.025628,0.019112,0.006806,0.054372,0
276,9.2,128.2033,63.1661,0.024166,0.02575,0.017481,0.006747,0.032725,0
277,9.2333,128.1717,63.1887,0.02428,0.025801,0.017481,0.004832,0.016969,0
278,9.2667,128.1907,63.08,0.024232,0.02556,0.017481,0.007497,0.058787,0
279,9.3,128.1394,63.097,0.024308,0.025814,0.017481,0.005521,0.053457,0
280,9.3333,128.1026,63.1182,0.024307,0.025775,0.017481,0.004895,0.028933,0
281,9.3667,128.1851,62.9551,0.024491,0.026042,0.017623,0.006728,0.037696,0
282,9.4,128.121,62.997,0.024571,0.026248,0.017593,0.004453,0.026712,0
283,9.4333,128.0978,63.0235,0.02459,0.026428,0.017595,0.004384,0.022534,0
284,9.4667,128.0534,63.0518,0.02462,0.026547,0.017481,0.006036,0.052733,0
285,9.5,128.0499,63.0089,0.024653,0.026711,0.017481,0.005994,0.028815,0
286,9.5333,128.0552,63.0166,0.024679,0.026775,0.017481,0.005916,0.01685,0
287,9.5667,128.1134,62.8952,0.024546,0.026501,0.017481,0.007685,0.055168,0
288,9.6,128.0807,62.9077,0.024586,0.026797,0.017481,0.005257,0.052268,0
289,9.6333,128.1035,62.9483,0.024702,0.02688,0.017481,0.014204,0.030422,0
290,9.6667,128.0801,62.8858,0.024681,0.026926,0.017481,0.027768,0.029408,0
291,9.7,128.1923,62.8271,0.0247,0.02688,0.017481,0.039168,0.03254,0
292,9.7333,128.1452,62.9892,0.024721,0.026832,0.017481,0.021263,0.019502,0
293,9.7667,128.1715,62.9069,0.024516,0.026496,0.017481,0.006594,0.043905,0
294,9.8,128.1349,62.9881,0.02442,0.026733,0.017481,0.005354,0.024353,0
295,9.8333,128.1219,63.0261,0.024408,0.026725,0.017481,0.003944,0.013803,0
296,9.8667,128.1864,62.9845,0.024535,0.026661,0.017481,0.006864,0.06602,0
297,9.9,128.077,63.1061,0.024337,0.026727,0.017481,0.006348,0.065163,0
298,9.9333,128.0417,63.209,0.024361,0.026867,0.017477,0.005478,0.021082,0
299,9.9667,128.0442,63.1741,0.024468,0.026918,0.017477,0.00627,0.041369,0
300,10.0,128.0895,63.0996,0.024774,0.027047,0.017477,0.007068,0.030819,0
301,10.0333,128.0646,63.247,0.024768,0.026905,0.017477,0.006568,0.02672,0
302,10.0667,128.0995,63.2298,0.024654,0.026619,0.017477,0.005855,0.044656,0
303,10.1,128.1086,63.1803,0.02466,0.026683,0.017481,0.004482,0.029432,0
304,10.1333,128.1449,63.1303,0.024788,0.026584,0.017481,0.008218,0.024401,0
305,10.1667,128.1909,63.1426,0.024665,0.02654,0.017601,0.008143,0.067057,0
306,10.2,128.2075,63.1165,0.024715,0.026284,0.017479,0.004591,0.045052,0
307,10.2333,128.2032,63.1142,0.024558,0.025906,0.017474,0.006178,0.019233,0
308,10.2667,128.3168,63.0271,0.024571,0.025871,0.017474,0.008934,0.030791,0
309,10.3,128.2943,63.0529,0.024564,0.025864,0.017474,0.004234,0.018385,0
310,10.3333,128.3098,63.043,0.024402,0.025847,0.017472,0.006118,0.017693,0
311,10.3667,128.3027,63.0888,0.024321,0.025511,0.017472,0.006251,0.011913,0
312,10.4,128.2299,63.106,0.024474,0.025636,0.017472,0.005586,0.039623,0
313,10.4333,128.2416,63.1658,0.024357,0.025568,0.017472,0.004198,0.023162,0
314,10.4667,128.1883,63.235,0.024623,0.025803,0.017472,0.010246,0.044972,0
315,10.5,128.1565,63.2785,0.02461,0.025783,0.017472,0.004682,0.04864,0
316,10.5333,128.1599,63.3115,0.02444,0.025654,0.017472,0.004067,0.01747,0
317,10.5667,128.2355,63.2559,0.024433,0.025623,0.017472,0.00582,0.025716,0
318,10.6,128.2081,63.2725,0.024463,0.025698,0.017472,0.003315,0.021413,0
319,10.6333,128.2188,63.2394,0.024434,0.025544,0.017472,0.003545,0.017986,0
320,10.6667,128.2583,63.2069,0.024501,0.025592,0.017466,0.005564,0.040859,0
321,10.7,128.2501,63.1856,0.024559,0.025669,0.017463,0.003619,0.026225,0
322,10.7333,128.2478,63.1956,0.024567,0.025658,0.017463,0.003398,0.013275,0
323,10.7667,128.253,63.1595,0.024503,0.025617,0.017463,0.003616,0.017152,0
324,10.8,128.2769,63.1003,0.024608,0.025847,0.017466,0.003669,0.034105,0
325,10.8333,128.3201,63.0079,0.02457,0.025634,0.017466,0.003635,0.018942,0
326,10.8667,128.2861,63.0376,0.024612,0.025579,0.017463,0.004934,0.018417,0
327,10.9,128.2465,63.0234,0.024733,0.025645,0.01789,0.005337,0.026556,0
328,10.9333,128.1677,63.1929,0.024543,0.025667,0.017463,0.005908,0.024247,0
329,10.9667,128.1046,63.3197,0.024618,0.025759,0.017466,0.005231,0.050236,0
330,11.0,128.1228,63.2218,0.02472,0.025735,0.017466,0.005506,0.025525,0
331,11.0333,128.1477,63.2694,0.024594,0.025419,0.017466,0.005913,0.058802,0
332,11.0667,128.1391,63.3273,0.024669,0.025511,0.017466,0.00494,0.060967,0
333,11.1,128.1662,63.2523,0.024607,0.025265,0.017466,0.004218,0.030166,0
334,11.1333,128.1992,63.2054,0.024746,0.025068,0.017466,0.004805,0.022085,0
335,11.1667,128.2048,63.2166,0.024449,0.024853,0.017466,0.006197,0.040844,0
336,11.2,128.1793,63.251,0.02455,0.025039,0.017466,0.003339,0.021009,0
337,11.2333,128.2018,63.2585,0.024497,0.024849,0.017466,0.003572,0.030927,0
338,11.2667,128.188,63.275,0.024632,0.02491,0.017468,0.004973,0.033701,0
339,11.3,128.2015,63.2509,0.02464,0.024978,0.017468,0.006131,0.02277,0
340,11.3333,128.2725,63.1546,0.02455,0.024721,0.017468,0.005041,0.048512,0
341,11.3667,128.2138,63.2274,0.024649,0.024947,0.017468,0.004969,0.053225,0
342,11.4,128.2067,63.2821,0.024639,0.025031,0.017468,0.004705,0.031278,0
343,11.4333,128.1824,63.2899,0.024674,0.025224,0.017468,0.004302,0.024005,0
344,11.4667,128.1746,63.3301,0.02473,0.025314,0.017468,0.005968,0.040016,0
345,11.5,128.1841,63.1083,0.024691,0.025412,0.017928,0.048358,0.201822,0
346,11.5333,128.1806,63.3171,0.024592,0.025314,0.017619,0.049242,0.207662,0
347,11.5667,128.2344,63.2814,0.024549,0.025281,0.017472,0.009057,0.029199,0
348,11.6,128.2129,63.2961,0.024604,0.02547,0.01747,0.006762,0.019855,0
349,11.6333,128.2741,63.2154,0.024559,0.025077,0.01747,0.003984,0.058088,0
350,11.6667,128.2655,63.2539,0.024597,0.025351,0.01747,0.004601,0.055302,0
351,11.7,128.3214,63.0607,0.024724,0.025309,0.01747,0.006961,0.027346,0
352,11.7333,128.2359,63.2572,0.024556,0.025055,0.01747,0.007136,0.0236,0
353,11.7667,128.2863,63.2679,0.024605,0.025176,0.01747,0.005875,0.030301,0
354,11.8,128.294,63.2339,0.024589,0.025088,0.01747,0.00451,0.014472,0
355,11.8333,128.2744,63.276,0.024623,0.025123,0.017474,0.004915,0.040166,0
356,11.8667,128.2527,63.3095,0.024587,0.025167,0.017468,0.004736,0.021557,0
357,11.9,128.2255,63.3233,0.024644,0.025204,0.01747,0.003398,0.01647,0
358,11.9333,128.2697,63.2845,0.024639,0.025092,0.01747,0.004918,0.056463,0
359,11.9667,128.1461,63.4393,0.024687,0.025423,0.01747,0.005749,0.068542,0
360,12.0,128.2331,63.2811,0.024665,0.025276,0.01747,0.005018,0.070483,0
361,12.0333,128.249,63.3188,0.024645,0.025138,0.01747,0.003656,0.01598,0
362,12.0667,128.1704,63.1833,0.025067,0.025156,0.017632,0.006198,0.042361,0
363,12.1,127.8384,63.2183,0.025328,0.025239,0.017477,0.011371,0.059353,0
364,12.1333,127.7952,63.0297,0.025466,0.025184,0.017741,0.011734,0.04405,0
365,12.1667,127.6591,63.1873,0.02534,0.025046,0.017654,0.007673,0.059561,0
366,12.2,127.5328,63.0273,0.025618,0.025039,0.017963,0.006297,0.067809,0
367,12.2333,127.4617,63.2285,0.025408,0.024673,0.01747,0.006358,0.06383,0
368,12.2667,127.3098,63.2746,0.025517,0.024978,0.01747,0.00962,0.105425,0
369,12.3,127.281,63.2677,0.025523,0.025022,0.01747,0.004114,0.022533,0
370,12.3333,127.1821,63.2154,0.02547,0.024888,0.01747,0.006441,0.029972,0
371,12.3667,127.156,63.2065,0.025481,0.025066,0.01747,0.004343,0.016376,0
372,12.4,127.0519,63.2439,0.025534,0.025195,0.01747,0.004534,0.027102,0
373,12.4333,126.98,63.2291,0.025454,0.02507,0.01747,0.006208,0.046726,0
374,12.4667,126.8019,63.3351,0.025725,0.02545,0.017575,0.008229,0.050521,0
375,12.5,126.7427,63.3111,0.025793,0.02554,0.01747,0.00515,0.021618,0
376,12.5333,126.7762,63.3421,0.025598,0.025347,0.017468,0.005196,0.049464,0
377,12.5667,126.7497,63.3818,0.02565,0.025546,0.01747,0.004852,0.044241,0
378,12.6,126.7602,63.3707,0.025878,0.025421,0.01747,0.004117,0.022672,0
379,12.6333,126.8321,63.3064,0.026132,0.025217,0.01747,0.004382,0.023327,0
380,12.6667,126.8312,63.327,0.026114,0.025279,0.01747,0.00488,0.026588,0
381,12.7,126.8773,63.2917,0.026432,0.025527,0.01747,0.003376,0.02374,0
382,12.7333,126.9398,63.3052,0.026902,0.025134,0.01747,0.003497,0.034508,0
383,12.7667,126.943,63.2573,0.027013,0.025228,0.017474,0.00371,0.030666,0
384,12.8,126.9262,63.2718,0.026958,0.025252,0.017474,0.002787,0.016307,0
385,12.8333,126.9925,63.2232,0.027173,0.025235,0.017483,0.003764,0.013477,0
386,12.8667,127.0373,63.1927,0.027115,0.025235,0.017483,0.004387,0.029885,0
387,12.9,127.089,63.1919,0.027081,0.025373,0.017485,0.007032,0.025488,0
388,12.9333,127.153,63.1412,0.027102,0.025305,0.017667,0.005705,0.026143,0
389,12.9667,127.1166,63.291,0.027267,0.025764,0.017485,0.006501,0.038257,0
390,13.0,127.237,63.3873,0.027586,0.025867,0.017485,0.009702,0.032298,0
391,13.0333,127.492,63.3576,0.027615,0.025731,0.017485,0.007592,0.047059,0
392,13.0667,127.5527,63.3035,0.027631,0.025606,0.017485,0.004085,0.049839,0
393,13.1,127.6025,63.2037,0.027799,0.025542,0.017485,0.003892,0.077163,0
394,13.1333,127.2083,63.3549,0.02784,0.025669,0.017485,0.006458,0.106316,0
395,13.1667,126.8491,63.3751,0.027876,0.025974,0.017485,0.010254,0.08744,0
396,13.2,126.7567,63.294,0.027932,0.025998,0.017632,0.006082,0.070801,0
397,13.2333,126.5429,63.2273,0.027886,0.025845,0.018015,0.014279,0.079204,0
398,13.2667,126.0637,63.655,0.027565,0.026003,0.017485,0.012523,0.071327,0
399,13.3,125.9924,63.681,0.027406,0.025917,0.018173,0.011626,0.033207,0
400,13.3333,125.9003,62.7197,0.027143,0.025827,0.017479,0.031736,0.101439,0
401,13.3667,125.858,62.6534,0.027146,0.02597,0.017479,0.008988,0.05884,0
402,13.4,125.8966,62.6063,0.027185,0.02584,0.017558,0.008244,0.054563,0
403,13.4333,125.6248,62.6974,0.027677,0.026062,0.017923,0.008163,0.073116,0
404,13.4667,125.4487,62.9042,0.027858,0.026191,0.017573,0.006661,0.036951,0
405,13.5,125.4373,62.8008,0.028423,0.02618,0.019304,0.010036,0.041256,0
406,13.5333,125.2365,63.0767,0.0282,0.026121,0.017483,0.011227,0.052122,0
407,13.5667,125.2008,63.0642,0.028424,0.026049,0.017483,0.003729,0.018965,0
408,13.6,125.0571,63.0934,0.028549,0.025731,0.017483,0.004701,0.034114,0
409,13.6333,124.9487,63.1115,0.028504,0.025691,0.017479,0.006272,0.035581,0
410,13.6667,124.8381,63.1,0.028924,0.025744,0.017479,0.004182,0.02313,0
411,13.7,124.8311,63.0505,0.029266,0.025691,0.017479,0.004947,0.050598,0
412,13.7333,124.6599,63.1204,0.029694,0.025849,0.017479,0.007454,0.054604,0
413,13.7667,124.6986,62.8615,0.030084,0.025632,0.019007,0.008942,0.073421,0
414,13.8,124.5617,63.0661,0.030101,0.025549,0.017901,0.006889,0.027477,0
415,13.8333,124.546,63.0013,0.03034,0.025533,0.01856,0.006817,0.03595,0
416,13.8667,124.3268,63.1524,0.030505,0.025448,0.017479,0.005942,0.037032,0
417,13.9,124.3236,63.1679,0.030478,0.025355,0.017479,0.003876,0.030023,0
418,13.9333,124.1703,63.2737,0.030473,0.025895,0.017479,0.005891,0.041663,0
419,13.9667,124.0756,63.3021,0.030618,0.026073,0.017479,0.005654,0.028408,0
420,14.0,124.0335,63.3462,0.030616,0.025566,0.017479,0.006446,0.048836,0
421,14.0333,124.0223,63.1818,0.030666,0.025772,0.017853,0.005609,0.059809,0
422,14.0667,124.0782,63.2354,0.030482,0.025963,0.017847,0.005228,0.066532,0
423,14.1,123.9464,63.4522,0.030743,0.025845,0.017479,0.004193,0.035646,0
424,14.1333,124.0476,63.3799,0.030385,0.025904,0.017479,0.00501,0.026226,0
425,14.1667,124.0785,63.2194,0.030355,0.025908,0.017488,0.005697,0.017703,0
426,14.2,124.0441,63.161,0.030891,0.025965,0.018378,0.007416,0.051911,0
427,14.2333,124.0579,63.1473,0.030876,0.0259,0.018175,0.003807,0.031985,0
428,14.2667,123.8623,63.3361,0.031064,0.025807,0.017479,0.005657,0.080533,0
429,14.3,123.7587,63.4136,0.03115,0.025882,0.017479,0.005283,0.050931,0
430,14.3333,123.7694,63.2978,0.031359,0.02606,0.017479,0.005055,0.058121,0
431,14.3667,123.7049,63.3724,0.031377,0.026126,0.017481,0.004603,0.020614,0
432,14.4,123.7404,63.3455,0.031406,0.025963,0.017479,0.005009,0.019475,0
433,14.4333,123.6691,63.2259,0.031514,0.026334,0.017498,0.010747,0.033005,0
434,14.4667,123.6459,63.2224,0.032092,0.026455,0.01923,0.010944,0.055298,0
435,14.5,123.5464,63.4695,0.031695,0.026435,0.017481,0.008827,0.053675,0
436,14.5333,123.5608,63.4176,0.031757,0.026395,0.017483,0.00443,0.022664,0
437,14.5667,123.5528,63.4605,0.031964,0.026415,0.017483,0.00404,0.023504,0
438,14.6,123.6108,63.3016,0.031853,0.025948,0.017483,0.005237,0.051443,0
439,14.6333,123.5526,63.3413,0.031881,0.026235,0.017483,0.004715,0.058555,0
440,14.6667,123.5208,63.3427,0.03181,0.02624,0.017483,0.004655,0.02892,0
441,14.7,123.6044,63.1761,0.031861,0.026106,0.017483,0.013902,0.041107,0
442,14.7333,123.5328,63.2638,0.031713,0.026038,0.017483,0.007797,0.027714,0
443,14.7667,123.6025,63.2164,0.031895,0.026095,0.017695,0.005614,0.026757,0
444,14.8,123.6107,63.2203,0.031761,0.026009,0.017599,0.005447,0.03517,0
445,14.8333,123.6063,63.2278,0.031678,0.026095,0.017483,0.004605,0.019786,0
446,14.8667,123.5986,63.2901,0.031651,0.025983,0.017483,0.003793,0.018424,0
447,14.9,123.6892,63.3211,0.031747,0.025911,0.017483,0.004874,0.028962,0
448,14.9333,123.7802,63.3304,0.031866,0.02611,0.017483,0.004667,0.04424,0
449,14.9667,123.9476,63.3646,0.031729,0.026229,0.017483,0.006707,0.046741,0
450,15.0,124.0905,63.3691,0.032092,0.026398,0.017483,0.007896,0.031162,0
451,15.0333,124.1365,63.3672,0.032098,0.026365,0.017483,0.004964,0.014537,0
452,15.0667,124.4077,62.8352,0.032189,0.025897,0.018138,0.033913,0.06156,0
453,15.1,124.4587,62.8021,0.032308,0.026018,0.018138,0.004898,0.01829,0
454,15.1333,124.5765,62.708,0.032232,0.025917,0.018138,0.004969,0.030473,0
455,15.1667,124.5675,62.6575,0.032155,0.025252,0.018138,0.006525,0.060929,0
456,15.2,124.5277,62.7079,0.032182,0.025485,0.018138,0.004403,0.052855,0
457,15.2333,124.5346,62.6938,0.032199,0.025568,0.018238,0.004104,0.022061,0
458,15.2667,124.5182,62.6919,0.032178,0.025579,0.018138,0.006034,0.02512,0
459,15.3,124.5554,62.6168,0.032161,0.025516,0.018138,0.004866,0.023574,0
460,15.3333,124.5249,62.6517,0.032159,0.02557,0.018138,0.003921,0.01784,0
461,15.3667,124.5753,62.4741,0.032257,0.02581,0.018138,0.005887,0.035292,0
462,15.4,124.5674,62.5567,0.032239,0.02581,0.018138,0.001296,0.011511,0
463,15.4333,124.5545,62.5764,0.032307,0.025937,0.018133,0.003534,0.019922,0
464,15.4667,124.6183,62.4866,0.032195,0.025619,0.018135,0.004869,0.047953,0
465,15.5,124.5879,62.5506,0.032245,0.025884,0.018135,0.002631,0.046849,0
466,15.5333,124.7005,62.3886,0.032317,0.025568,0.018409,0.005252,0.063056,0
467,15.5667,124.7159,62.3765,0.032328,0.025575,0.018626,0.004162,0.02108,0
468,15.6,124.8,62.3652,0.032243,0.0255,0.018569,0.005709,0.027337,0
469,15.6333,124.7954,62.4391,0.032506,0.025601,0.018619,0.003614,0.02143,0
470,15.6667,125.0141,62.4662,0.032489,0.025494,0.018135,0.00551,0.033042,0
471,15.7,125.1707,62.5292,0.03261,0.025638,0.018135,0.004238,0.021522,0
472,15.7333,125.2018,62.444,0.032785,0.025628,0.018135,0.003926,0.016637,0
473,15.7667,125.3414,62.4496,0.032637,0.025294,0.018133,0.005339,0.05435,0
474,15.8,125.32,62.479,0.032699,0.025566,0.018129,0.005518,0.045089,0
475,15.8333,125.3305,62.5203,0.032747,0.025702,0.018129,0.005706,0.043361,0
476,15.8667,125.3416,62.5154,0.032731,0.025829,0.018129,0.003921,0.015675,0
477,15.9,125.3877,62.4658,0.032724,0.02563,0.018129,0.003546,0.018477,0
478,15.9333,125.3587,62.509,0.032739,0.025733,0.018129,0.001347,0.012875,0
479,15.9667,125.3686,62.5137,0.032715,0.025698,0.018129,0.002888,0.014427,0
480,16.0,125.3054,62.5077,0.032922,0.025906,0.018131,0.003031,0.033084,0
481,16.0333,125.285,62.3264,0.033116,0.025913,0.01888,0.007572,0.027746,0
482,16.0667,125.29,62.2729,0.033283,0.025994,0.019175,0.00823,0.066747,0
483,16.1,124.9315,62.707,0.033314,0.026378,0.018008,0.008628,0.082991,0
484,16.1333,124.9436,62.6475,0.033323,0.026637,0.018008,0.004664,0.020849,0
485,16.1667,124.9833,62.5124,0.03346,0.02667,0.018011,0.005634,0.01911,0
486,16.2,125.0374,62.5289,0.033427,0.026692,0.018006,0.005932,0.023755,0
487,16.2333,125.0893,62.4138,0.033579,0.027106,0.018179,0.006756,0.026124,0
488,16.2667,125.2205,62.2873,0.03387,0.026742,0.019593,0.007621,0.050019,0
489,16.3,125.2289,62.3567,0.033823,0.026624,0.018313,0.007579,0.061728,0
490,16.3333,125.2081,62.4202,0.033721,0.026641,0.018446,0.005035,0.028921,0
491,16.3667,125.2917,62.2515,0.033848,0.02649,0.019188,0.005822,0.060502,0
492,16.4,125.178,62.4649,0.033585,0.026431,0.018011,0.006734,0.056627,0
493,16.4333,125.1848,62.4292,0.033573,0.02636,0.018011,0.003236,0.02647,0
494,16.4667,125.1504,62.4742,0.033529,0.026248,0.018011,0.003462,0.015759,0
495,16.5,125.1134,62.5566,0.033525,0.026281,0.018011,0.005417,0.023671,0
496,16.5333,124.8062,62.5926,0.033815,0.026295,0.018054,0.005749,0.039855,0
497,16.5667,124.5162,62.482,0.034153,0.02608,0.018562,0.00819,0.063428,0
498,16.6,124.2741,62.7249,0.034001,0.026159,0.018011,0.007566,0.03724,0
499,16.6333,124.263,62.6799,0.033799,0.02609,0.018118,0.003471,0.021176,0
500,16.6667,124.3611,62.53,0.033822,0.025799,0.018595,0.005058,0.047517,0
501,16.7,123.9595,62.7181,0.033774,0.025625,0.018002,0.007887,0.067509,0
502,16.7333,123.6768,62.7299,0.033772,0.02581,0.018002,0.007761,0.026761,0
503,16.7667,123.7116,62.6658,0.033723,0.025663,0.018002,0.005413,0.021295,0
504,16.8,123.6044,62.7338,0.033557,0.02572,0.018002,0.007232,0.024208,0
505,16.8333,123.6059,62.7519,0.033572,0.025423,0.018002,0.004482,0.018069,0
506,16.8667,123.6302,62.7004,0.033526,0.025316,0.018002,0.005094,0.030053,0
507,16.9,123.6065,62.6723,0.033603,0.025331,0.018002,0.00789,0.019023,0
508,16.9333,123.5561,62.9948,0.03373,0.025336,0.018002,0.036207,0.01566,0
509,16.9667,123.4965,63.6847,0.033676,0.025055,0.018002,0.049442,0.054992,0
510,17.0,123.5892,64.316,0.033513,0.025276,0.018002,0.028425,0.054864,0
511,17.0333,123.5887,64.6085,0.033477,0.02536,0.018002,0.017342,0.024361,0
512,17.0667,123.4979,64.7921,0.033622,0.025472,0.018002,0.016428,0.037728,0
513,17.1,123.5096,64.7422,0.033479,0.02563,0.018002,0.00472,0.020427,0
514,17.1333,123.4603,65.0414,0.03361,0.025617,0.018002,0.029034,0.020499,0
515,17.1667,123.5104,65.008,0.033565,0.025309,0.0181,0.004705,0.032205,0
516,17.2,123.5322,65.0332,0.03327,0.025432,0.018278,0.004894,0.026643,0
517,17.2333,123.5226,65.0478,0.033181,0.025419,0.018002,0.00324,0.01618,0
518,17.2667,123.6065,64.9936,0.033137,0.025116,0.018002,0.005102,0.052135,0
519,17.3,123.6353,64.8687,0.033423,0.025033,0.018348,0.006481,0.039113,0
520,17.3333,123.5981,64.9751,0.033274,0.025011,0.018002,0.005257,0.017665,0
521,17.3667,123.6143,64.9082,0.033251,0.024868,0.018002,0.005235,0.024662,0
522,17.4,123.6021,64.8224,0.033408,0.024976,0.018002,0.006382,0.016536,0
523,17.4333,123.5625,64.9514,0.033233,0.02491,0.018002,0.005259,0.015761,0
524,17.4667,123.5594,64.9573,0.033123,0.024976,0.018002,0.004071,0.029769,0
525,17.5,123.5254,64.9918,0.033177,0.025316,0.018002,0.003577,0.024102,0
526,17.5333,123.5076,65.0347,0.033445,0.02563,0.018002,0.005416,0.033944,0
527,17.5667,123.413,65.0696,0.033247,0.025597,0.018,0.027413,0.030357,0
528,17.6,123.3615,65.1771,0.033224,0.025443,0.018,0.004708,0.053604,0
529,17.6333,123.4467,64.9281,0.033377,0.025577,0.018241,0.005182,0.025214,0
530,17.6667,123.5273,64.8982,0.033746,0.025555,0.019593,0.00734,0.033486,0
531,17.7,123.5077,64.9387,0.033816,0.0257,0.019177,0.006139,0.03759,0
532,17.7333,123.6317,65.0731,0.033774,0.025472,0.018002,0.029417,0.032099,0
533,17.7667,123.6459,65.0261,0.033778,0.025246,0.018002,0.004336,0.032135,0
534,17.8,123.7039,65.1391,0.034089,0.025281,0.018,0.010303,0.031427,0
535,17.8333,123.8415,65.3578,0.034309,0.025156,0.018002,0.017024,0.052124,0
536,17.8667,123.8836,66.1639,0.03528,0.02541,0.0184,0.132814,0.07245,0
537,17.9,123.8884,66.1983,0.035153,0.025366,0.018269,0.010981,0.008268,0
538,17.9333,123.8737,66.1422,0.035288,0.025531,0.018363,0.004366,0.0111,0
539,17.9667,123.868,66.1948,0.035204,0.025507,0.01823,0.007099,0.009949,0
540,18.0,123.8297,66.3073,0.035235,0.025417,0.018343,0.007115,0.01973,0
541,18.0333,123.7889,66.3424,0.035287,0.025654,0.018381,0.003417,0.021184,0
542,18.0667,123.7738,66.4135,0.035271,0.025628,0.018175,0.006916,0.016643,0
543,18.1,123.7605,66.4839,0.035339,0.02577,0.018346,0.005781,0.019353,0
544,18.1333,123.7714,66.4628,0.035388,0.025781,0.01835,0.00353,0.01643,0
545,18.1667,123.7816,66.4771,0.035337,0.025755,0.018324,0.003611,0.011934,0
546,18.2,123.8132,66.3941,0.035343,0.025636,0.018352,0.003966,0.020302,0
547,18.2333,123.835,66.3486,0.03537,0.025744,0.01835,0.002405,0.013616,0
548,18.2667,123.8442,66.4284,0.035096,0.025553,0.017938,0.008818,0.008288,0
549,18.3,123.8718,66.3959,0.035191,0.02572,0.017987,0.004338,0.01936,0
550,18.3333,123.8777,66.3633,0.035116,0.025595,0.017941,0.003258,0.011942,0
551,18.3667,123.8786,66.3987,0.035079,0.0255,0.017947,0.00341,0.010299,0
552,18.4,123.8836,66.3767,0.035137,0.025531,0.017949,0.003796,0.010588,0
553,18.4333,123.8794,66.3675,0.035155,0.025575,0.017941,0.002153,0.009838,0
554,18.4667,123.8821,66.3971,0.035138,0.025465,0.017963,0.003816,0.009514,0
555,18.5,123.8576,66.3655,0.035173,0.025485,0.01796,0.003319,0.011924,0
556,18.5333,123.7998,66.4821,0.035217,0.02563,0.017965,0.004143,0.022553,0
557,18.5667,123.7728,66.4904,0.035275,0.025838,0.017965,0.003178,0.014021,0
558,18.6,123.7682,66.5484,0.035275,0.025933,0.017967,0.002875,0.014817,0
559,18.6333,123.7827,66.557,0.035243,0.025893,0.017976,0.004045,0.01745,0
560,18.6667,123.7889,66.5419,0.035255,0.025941,0.017978,0.002145,0.010173,0
561,18.7,123.8223,66.5708,0.035185,0.025707,0.017976,0.004443,0.015503,0
562,18.7333,123.8279,66.4989,0.035152,0.025691,0.017971,0.004242,0.014388,0
563,18.7667,123.8412,66.4847,0.035167,0.025671,0.01789,0.002971,0.011086,0
564,18.8,123.8585,66.4594,0.035171,0.025658,0.017993,0.004756,0.015426,0
565,18.8333,123.861,66.4377,0.035132,0.025522,0.018002,0.003191,0.015008,0
566,18.8667,123.8683,66.4434,0.035143,0.025577,0.017993,0.002591,0.010281,0
567,18.9,123.8731,66.4521,0.035168,0.025509,0.017998,0.003977,0.010317,0
568,18.9333,123.875,66.4246,0.035198,0.025601,0.017998,0.002834,0.012731,0
569,18.9667,123.8762,66.4195,0.035196,0.025575,0.017991,0.002557,0.008772,0
570,19.0,123.8378,66.5357,0.035196,0.02568,0.017989,0.003707,0.019621,0
571,19.0333,123.7954,66.5956,0.035285,0.026009,0.017989,0.002897,0.020624,0
572,19.0667,123.784,66.6287,0.035268,0.025972,0.017991,0.002288,0.014963,0
573,19.1,123.7831,66.6558,0.035239,0.025957,0.017984,0.003511,0.018241,0
574,19.1333,123.7798,66.634,0.035259,0.02604,0.017991,0.002418,0.010373,0
575,19.1667,123.8099,66.6204,0.035276,0.026101,0.017982,0.002846,0.013891,0
576,19.2,123.8323,66.5479,0.03525,0.026064,0.017947,0.003999,0.017174,0
577,19.2333,123.851,66.5171,0.035224,0.025985,0.017954,0.002565,0.014048,0
578,19.2667,123.8565,66.556,0.035138,0.025792,0.017862,0.003191,0.012014,0
579,19.3,123.8789,66.5199,0.035121,0.025549,0.017967,0.004825,0.020571,0
580,19.3333,123.8938,66.471,0.035133,0.025507,0.017949,0.003054,0.013577,0
581,19.3667,123.8973,66.4769,0.035121,0.025531,0.017945,0.003216,0.009552,0
582,19.4,123.9,66.4416,0.035125,0.025641,0.017949,0.00299,0.011531,0
583,19.4333,123.8938,66.4418,0.035119,0.025658,0.017949,0.001892,0.008595,0
584,19.4667,123.8965,66.4501,0.035099,0.025621,0.017952,0.001609,0.00742,0
585,19.5,123.8615,66.476,0.035089,0.025595,0.017949,0.004007,0.015193,0
586,19.5333,123.8203,66.4993,0.035164,0.025882,0.017949,0.00304,0.01982,0
587,19.5667,123.807,66.5218,0.035166,0.025884,0.017949,0.002868,0.013808,0
588,19.6,123.7847,66.5268,0.035198,0.026097,0.017949,0.003013,0.01451,0
589,19.6333,123.7942,66.4812,0.035184,0.026082,0.017949,0.003133,0.019814,0
590,19.6667,123.8059,66.4742,0.035156,0.025985,0.017949,0.002009,0.010108,0
591,19.7,123.8387,66.4254,0.035108,0.025717,0.017949,0.002932,0.017806,0
592,19.7333,123.8567,66.3896,0.035169,0.025875,0.017949,0.002735,0.012505,0
593,19.7667,123.8705,66.3909,0.035144,0.025818,0.017949,0.002159,0.009025,0
594,19.8,123.9013,66.3695,0.035122,0.025786,0.017949,0.003214,0.014916,0
595,19.8333,123.9138,66.3031,0.03512,0.025827,0.017949,0.003049,0.010263,0
596,19.8667,123.92,66.3218,0.035114,0.025768,0.017949,0.002688,0.008091,0
597,19.9,123.92,66.3199,0.03509,0.025676,0.017949,0.003053,0.008989,0
598,19.9333,123.916,66.2997,0.035127,0.025801,0.017949,0.001875,0.00796,0
599,19.9667,123.9148,66.3228,0.035131,0.025746,0.017949,0.001866,0.00726,0
600,20.0,123.911,66.2904,0.035174,0.025963,0.017949,0.005027,0.014631,0
601,20.0333,123.8608,66.3332,0.035229,0.02618,0.017949,0.003225,0.016558,0
602,20.0667,123.8418,66.3713,0.035262,0.026251,0.017949,0.00328,0.012374,0
603,20.1,123.8419,66.4158,0.035273,0.026253,0.017949,0.003638,0.01602,0
604,20.1333,123.8536,66.3833,0.035244,0.026119,0.017949,0.003142,0.011042,0
605,20.1667,123.8686,66.3788,0.035237,0.026088,0.017949,0.002447,0.009083,0
606,20.2,123.9014,66.3618,0.035242,0.026097,0.017949,0.004199,0.017439,0
607,20.2333,123.9075,66.3237,0.035246,0.026196,0.017949,0.00823,0.018906,0
608,20.2667,123.9397,66.1905,0.035204,0.026134,0.017952,0.02416,0.027013,0
609,20.3,123.9152,65.9569,0.035272,0.026143,0.017952,0.03182,0.048147,0
610,20.3333,123.8201,65.377,0.035198,0.02613,0.017954,0.068847,0.069382,0
611,20.3667,124.5276,71.7549,0.03488,0.026205,0.01738,0.160507,0.109082,0
612,20.4,126.9392,64.3209,0.034764,0.026345,0.017339,0.177616,0.145405,0
613,20.4333,128.7563,63.7495,0.036734,0.026402,0.017266,0.102731,0.1583,0
614,20.4667,130.7399,63.1635,0.045136,0.026398,0.017766,0.111087,0.231327,0
615,20.5,133.1012,62.7052,0.048596,0.026665,0.019475,0.092254,0.248662,0
616,20.5333,136.2823,61.2531,0.048754,0.028629,0.019854,0.131027,0.283797,0
617,20.5667,139.6919,59.5921,0.048,0.029943,0.02051,0.098384,0.288086,0
618,20.6,143.4124,58.4176,0.047828,0.030005,0.021828,0.102663,0.299107,0
619,20.6333,148.058,56.2884,0.045514,0.028704,0.024354,0.155378,0.308185,0
620,20.6667,153.1924,54.5813,0.042809,0.026935,0.025037,0.14173,0.249171,0
621,20.7,157.7361,53.0219,0.040686,0.026841,0.025574,0.12824,0.256308,0
622,20.7333,161.5763,52.1696,0.037166,0.025924,0.021126,0.146484,0.229632,0
623,20.7667,164.7823,51.7206,0.034405,0.024304,0.0177,0.152414,0.231077,0
624,20.8,167.6111,50.8978,0.032008,0.020967,0.015303,0.124088,0.218699,0
625,20.8333,170.0755,50.5517,0.030501,0.018409,0.014482,0.123691,0.227054,0
626,20.8667,171.9016,50.3959,0.030233,0.017544,0.014169,0.122783,0.205539,0
627,20.9,173.4217,51.054,0.030367,0.01754,0.014366,0.141141,0.220168,0
628,20.9333,174.27,46.28,0.031142,0.017242,0.014066,0.105165,0.213403,0
629,20.9667,175.1203,41.2736,0.031103,0.017053,0.014125,0.099591,0.17865,0
630,21.0,175.7052,40.9562,0.031555,0.017064,0.014885,0.049153,0.241365,0
631,21.0333,175.775,41.0021,0.032291,0.017362,0.015067,0.024685,0.122466,0
632,21.0667,175.8804,41.0938,0.031933,0.017608,0.014913,0.021967,0.08326,0
633,21.1,175.9007,41.1316,0.031504,0.017364,0.014913,0.013126,0.08424,0
634,21.1333,175.918,41.1267,0.031448,0.017305,0.014898,0.01447,0.071562,0
635,21.1667,175.9208,41.229,0.031321,0.018014,0.014898,0.024842,0.043175,0
636,21.2,176.0117,41.2225,0.030968,0.019047,0.014911,0.022508,0.027215,0
637,21.2333,176.1061,41.2605,0.030252,0.017046,0.014344,0.014657,0.029956,0
638,21.2667,176.0934,41.2206,0.030267,0.017051,0.01434,0.007564,0.0304,0
639,21.3,176.112,41.1816,0.030318,0.017119,0.014329,0.007822,0.03358,0
640,21.3333,176.1127,41.1422,0.030204,0.017011,0.014355,0.014253,0.024836,0
641,21.3667,176.0839,41.1501,0.030207,0.016983,0.01436,0.010971,0.019114,0
642,21.4,176.1075,41.0913,0.030202,0.017009,0.014366,0.010227,0.020531,0
643,21.4333,176.2259,41.0161,0.030394,0.017327,0.014364,0.008304,0.026775,0
644,21.4667,176.237,41.0014,0.030675,0.017299,0.014351,0.018991,0.02062,0
645,21.5,176.2228,41.0673,0.030618,0.01727,0.014349,0.007479,0.021136,0
646,21.5333,175.8558,41.2697,0.031325,0.017406,0.014355,0.022467,0.096296,0
647,21.5667,175.9725,41.068,0.031164,0.01727,0.01436,0.028926,0.097068,0
648,21.6,175.9428,41.1265,0.031253,0.017393,0.014357,0.025201,0.049665,0
649,21.6333,176.0003,41.074,0.031199,0.017654,0.014364,0.026246,0.034575,0
650,21.6667,176.0284,41.2658,0.031096,0.017557,0.01436,0.020423,0.037371,0
651,21.7,176.1033,41.1873,0.030525,0.017779,0.014373,0.014556,0.04474,0
652,21.7333,176.1501,41.121,0.030522,0.017753,0.014368,0.006996,0.034005,0
653,21.7667,176.1411,41.1458,0.03053,0.017733,0.014366,0.005471,0.025146,0
654,21.8,176.0997,41.2069,0.030479,0.017825,0.01437,0.00465,0.026676,0
655,21.8333,176.0959,41.1671,0.03044,0.017744,0.014436,0.00755,0.021593,0
656,21.8667,143.1656,106.6469,0.010747,0.017663,0.014351,0.347344,1.701634,0
657,21.9,143.1645,106.6222,0.010785,0.017788,0.014346,0.005348,0.173656,0
658,21.9333,143.1983,106.643,0.010819,0.017887,0.014351,0.009145,0.253518,0
659,21.9667,143.1953,106.6347,0.010889,0.017841,0.014679,0.006242,0.233642,0
660,22.0,143.2182,106.0562,0.01118,0.018018,0.015651,0.037872,0.395393,0
661,22.0333,155.5079,70.9163,0.030013,0.018231,0.014922,0.236782,1.246712,0
662,22.0667,164.8454,46.0591,0.043085,0.018203,0.014929,0.163611,1.270494,0
663,22.1,166.3892,43.1718,0.042724,0.018227,0.01487,0.031207,2.598502,0
664,22.1333,166.3493,43.2137,0.042655,0.017891,0.014931,0.02389,1.287791,0
665,22.1667,166.3344,43.2972,0.042235,0.017862,0.014931,0.015958,0.352639,0
666,22.2,166.3326,43.3432,0.042084,0.017724,0.014764,0.006208,0.017111,0
667,22.2333,166.3448,43.3131,0.042075,0.017468,0.014931,0.006776,0.026937,0
668,22.2667,166.3445,43.3094,0.04202,0.017349,0.014933,0.005145,0.020106,0
669,22.3,166.3817,43.2693,0.042011,0.017145,0.014935,0.004758,0.020132,0
670,22.3333,166.162,44.0954,0.041982,0.017086,0.014835,0.024456,0.039508,0
671,22.3667,166.1474,44.0692,0.04199,0.017171,0.014845,0.005008,0.022035,0
672,22.4,166.1507,44.102,0.041942,0.017176,0.01485,0.004442,0.009885,0
673,22.4333,166.1309,44.0763,0.041924,0.017149,0.01485,0.004659,0.012812,0
674,22.4667,165.9999,44.0875,0.042226,0.017134,0.014845,0.016764,0.047271,0
675,22.5,166.0354,43.9982,0.042295,0.017189,0.014856,0.012032,0.050872,0
676,22.5333,165.9486,44.0455,0.042404,0.017158,0.014856,0.008724,0.035244,0
677,22.5667,165.8124,44.0355,0.043157,0.01741,0.014856,0.020925,0.041386,0
678,22.6,165.7796,44.0178,0.043295,0.017342,0.014854,0.017665,0.041213,0
679,22.6333,165.545,44.0698,0.04398,0.017292,0.014852,0.022037,0.069123,0
680,22.6667,165.4664,44.143,0.044225,0.018514,0.014854,0.027321,0.070878,0
681,22.7,165.4682,44.1926,0.044348,0.017062,0.014804,0.020829,0.094461,0
682,22.7333,165.5088,44.0485,0.044293,0.017373,0.014806,0.014358,0.119672,0
683,22.7667,165.4945,44.0515,0.044562,0.017127,0.014808,0.010133,0.090008,0
684,22.8,165.5233,44.0363,0.044294,0.016952,0.014815,0.018909,0.076247,0
685,22.8333,165.5546,44.119,0.044552,0.016928,0.014813,0.027661,0.05354,0
686,22.8667,165.7566,44.1767,0.043494,0.017996,0.01481,0.026135,0.040295,0
687,22.9,165.8877,44.1196,0.0428,0.01996,0.014749,0.018513,0.020835,0
688,22.9333,165.9476,44.0992,0.042024,0.01802,0.014747,0.01306,0.01871,0
689,22.9667,165.9661,44.0728,0.041822,0.016998,0.014859,0.004204,0.011624,0
690,23.0,165.9749,44.005,0.041882,0.017088,0.014918,0.003785,0.01478,0
691,23.0333,165.9133,44.003,0.042079,0.01716,0.015003,0.010065,0.038924,0
692,23.0667,165.8672,44.0316,0.042258,0.017347,0.015139,0.006874,0.082831,0
693,23.1,165.6535,44.1731,0.043226,0.017345,0.015137,0.021451,0.089766,0
694,23.1333,165.3476,44.4613,0.044048,0.017323,0.015141,0.018333,0.170208,0
695,23.1667,165.0705,44.6076,0.044979,0.017178,0.01513,0.011296,0.158926,0
696,23.2,165.2089,44.5595,0.044925,0.017527,0.015137,0.014775,0.216282,0
697,23.2333,165.1198,44.4803,0.045366,0.016882,0.015134,0.020915,0.218547,0
698,23.2667,164.9551,44.444,0.045835,0.017353,0.01513,0.019041,0.34981,0
699,23.3,165.2296,44.2701,0.045525,0.016805,0.01513,0.017331,0.290838,0
700,23.3333,165.4714,43.9532,0.045105,0.016765,0.015053,0.020398,0.23382,0
701,23.3667,165.549,44.0922,0.044731,0.017729,0.014743,0.020301,0.256992,0
702,23.4,165.7092,44.0873,0.043877,0.01811,0.014743,0.014885,0.197403,0
703,23.4333,165.756,44.0486,0.043588,0.019238,0.014743,0.014957,0.056776,0
704,23.4667,165.7744,44.2062,0.042872,0.016897,0.014743,0.024284,0.046101,0
705,23.5,165.8645,44.1553,0.04256,0.017656,0.014743,0.023887,0.03602,0
706,23.5333,142.7641,107.2983,0.010956,0.019275,0.014797,0.383773,1.723552,0
707,23.5667,142.736,107.5584,0.01042,0.017378,0.014414,0.014439,0.110276,0
708,23.6,142.7794,107.4878,0.010448,0.017393,0.014414,0.005136,0.053353,0
709,23.6333,142.7915,107.4789,0.0104,0.017301,0.014419,0.004513,0.043877,0
710,23.6667,143.0006,106.471,0.010739,0.017342,0.015559,0.04385,0.186435,0
711,23.7,155.9814,66.4197,0.03331,0.017353,0.014813,0.227654,1.042423,0
712,23.7333,162.5298,43.8813,0.046197,0.017356,0.014813,0.145254,1.893088,0
713,23.7667,163.5175,41.9428,0.045606,0.017059,0.014808,0.027652,4.641913,0
714,23.8,163.5763,41.8011,0.045266,0.017035,0.014808,0.02486,1.271204,0
715,23.8333,163.5625,41.7657,0.045445,0.017018,0.014813,0.014863,0.330966,0
716,23.8667,163.5778,41.7655,0.045381,0.016906,0.014815,0.005119,0.018599,0
717,23.9,163.3129,42.6327,0.045357,0.016869,0.01474,0.024015,0.025613,0
718,23.9333,163.3047,42.6359,0.045318,0.016818,0.014738,0.003825,0.009845,0
719,23.9667,163.3213,42.638,0.045339,0.016877,0.014743,0.005064,0.021138,0
720,24.0,163.2801,42.6991,0.045282,0.016803,0.014747,0.005463,0.017435,0
721,24.0333,163.2598,42.7023,0.045312,0.016956,0.014745,0.003239,0.012055,0
722,24.0667,163.2084,42.8156,0.045402,0.017092,0.014708,0.004655,0.02581,0
723,24.1,163.1995,42.7627,0.045397,0.017138,0.01471,0.004668,0.013224,0
724,24.1333,163.084,42.8889,0.045459,0.017174,0.014708,0.01928,0.025921,0
725,24.1667,163.1868,42.8791,0.045481,0.017066,0.01471,0.011565,0.037652,0
726,24.2,163.1954,42.836,0.045548,0.016926,0.01471,0.005623,0.038227,0
727,24.2333,163.017,43.1628,0.045752,0.016941,0.01471,0.011944,0.034899,0
728,24.2667,163.1058,42.9084,0.045895,0.016987,0.01471,0.016865,0.068776,0
729,24.3,163.1196,42.8165,0.045995,0.017048,0.01471,0.021128,0.083284,0
730,24.3333,163.1767,42.7292,0.045863,0.017391,0.014708,0.020055,0.077038,0
731,24.3667,163.2118,42.822,0.045631,0.016855,0.014736,0.0153,0.084332,0
732,24.4,163.2389,42.7264,0.045441,0.016838,0.014736,0.017013,0.056823,0
733,24.4333,163.1923,42.558,0.045729,0.016772,0.014734,0.019483,0.062854,0
734,24.4667,163.3233,42.4113,0.045721,0.01682,0.01474,0.0102,0.034325,0
735,24.5,163.3641,42.3799,0.04585,0.016912,0.01474,0.006485,0.034789,0
736,24.5333,163.3871,42.4322,0.045904,0.017125,0.01474,0.00492,0.023455,0
737,24.5667,163.3663,42.4911,0.045956,0.017261,0.01474,0.016801,0.050613,0
738,24.6,163.2954,42.6725,0.046012,0.018374,0.01474,0.015186,0.031477,0
739,24.6333,163.3232,42.7476,0.045713,0.017393,0.01474,0.008828,0.036001,0
740,24.6667,163.3715,42.7112,0.045814,0.017312,0.01474,0.005596,0.040366,0
741,24.7,163.3794,42.6386,0.045788,0.017272,0.01474,0.009895,0.02075,0
742,24.7333,163.2175,43.0787,0.045879,0.017228,0.01474,0.013788,0.036572,0
743,24.7667,163.2826,43.0564,0.04565,0.017105,0.01474,0.009219,0.067827,0
744,24.8,163.2988,43.0729,0.045616,0.017,0.01474,0.007984,0.119466,0
745,24.8333,163.2967,43.0335,0.045636,0.017081,0.01474,0.004658,0.081946,0
746,24.8667,163.3711,42.9034,0.045485,0.016722,0.01474,0.016704,0.07288,0
747,24.9,163.4653,42.725,0.045374,0.01673,0.014743,0.014239,0.034469,0
748,24.9333,163.4595,42.7318,0.045369,0.016728,0.014743,0.003915,0.012964,0
749,24.9667,163.4445,42.7799,0.04538,0.016794,0.014743,0.005831,0.020753,0
750,25.0,163.3968,42.7814,0.045432,0.017046,0.014743,0.005521,0.019772,0
751,25.0333,163.3438,42.892,0.045473,0.017336,0.014743,0.004743,0.034929,0
752,25.0667,163.253,43.0312,0.045492,0.017364,0.014743,0.009512,0.040826,0
753,25.1,169.7302,49.2896,0.030344,0.01734,0.011297,0.24973,1.410315,0
754,25.1333,169.7579,49.2788,0.030354,0.017421,0.011295,0.004392,0.016966,0
755,25.1667,160.1522,65.937,0.022576,0.017531,0.012361,0.13253,1.508855,0
756,25.2,154.8648,81.8287,0.012773,0.017386,0.010923,0.118676,0.317259,0
757,25.2333,154.8819,81.8112,0.012738,0.017152,0.010923,0.005604,0.024277,0
758,25.2667,169.7025,49.357,0.030455,0.017171,0.011275,0.228673,1.60342,0
759,25.3,169.0398,49.8469,0.030334,0.016967,0.011271,0.040909,1.605082,0
760,25.3333,169.0634,49.794,0.030312,0.016761,0.011273,0.004712,0.023621,0
761,25.3667,169.0345,49.7899,0.030384,0.016983,0.011273,0.002965,0.016487,0
762,25.4,168.8625,49.6309,0.032,0.018025,0.011273,0.031036,0.026176,0
763,25.4333,168.8845,49.9408,0.031152,0.019368,0.011271,0.029305,0.033695,0
764,25.4667,168.6582,49.911,0.031363,0.017812,0.011273,0.033008,0.02903,0
765,25.5,168.1153,50.8094,0.03303,0.018907,0.01128,0.041694,0.057539,0
766,25.5333,168.7944,49.9847,0.03094,0.017134,0.01128,0.049797,0.059665,0
767,25.5667,142.769,107.3781,0.010418,0.01722,0.014349,0.360865,2.070881,0
768,25.6,148.72,89.9326,0.013171,0.017165,0.014627,0.106715,1.805684,0
769,25.6333,150.4186,66.781,0.020418,0.017143,0.014596,0.130257,1.334832,0
770,25.6667,154.2813,46.0249,0.0262,0.01711,0.014598,0.131644,3.192362,0
771,25.7,155.9309,42.6692,0.027043,0.016939,0.014598,0.037108,3.725946,0
772,25.7333,155.9265,42.7625,0.026968,0.016937,0.014598,0.020662,1.490284,0
773,25.7667,155.9053,42.6902,0.026984,0.016991,0.014598,0.021269,0.436878,0
774,25.8,155.9066,42.6862,0.026959,0.017013,0.014598,0.004755,0.013527,0
775,25.8333,155.9202,42.6726,0.02691,0.016921,0.014589,0.004267,0.009759,0
776,25.8667,155.9815,42.5274,0.026935,0.016822,0.014592,0.004997,0.022642,0
777,25.9,156.0147,42.4717,0.026985,0.016722,0.014592,0.003767,0.024186,0
778,25.9333,155.9859,42.5207,0.026934,0.016732,0.014592,0.004984,0.014034,0
779,25.9667,155.9318,42.6075,0.026867,0.01666,0.014585,0.005016,0.02099,0
780,26.0,155.9216,42.6161,0.026912,0.016717,0.014581,0.004222,0.010991,0
781,26.0333,155.8683,42.6953,0.026988,0.01691,0.014578,0.005193,0.021904,0
782,26.0667,155.8141,42.7405,0.027032,0.017193,0.014581,0.005286,0.025478,0
783,26.1,155.809,42.777,0.027069,0.017231,0.014583,0.004964,0.012453,0
784,26.1333,155.8228,42.7742,0.026934,0.017059,0.014583,0.005386,0.014692,0
785,26.1667,155.6963,43.3556,0.026965,0.017105,0.014552,0.020119,0.019647,0
786,26.2,155.7033,43.3591,0.026915,0.017037,0.01437,0.004095,0.009441,0
787,26.2333,155.7364,43.3632,0.026993,0.016895,0.014548,0.008458,0.02201,0
788,26.2667,155.7942,43.3016,0.027018,0.01679,0.014552,0.003946,0.015946,0
789,26.3,155.8267,43.2756,0.027063,0.016785,0.014552,0.003501,0.016814,0
790,26.3333,155.8442,43.2071,0.027041,0.016763,0.014552,0.003481,0.023849,0
791,26.3667,155.8472,43.2086,0.027041,0.01682,0.014552,0.004611,0.028988,0
792,26.4,155.8296,43.282,0.027029,0.016829,0.014552,0.004149,0.012635,0
793,26.4333,155.8051,43.2981,0.027003,0.016901,0.014552,0.00434,0.019237,0
794,26.4667,155.5256,43.4788,0.028208,0.016912,0.014552,0.02431,0.043643,0
795,26.5,155.5697,43.3851,0.028273,0.016965,0.014554,0.009597,0.047996,0
796,26.5333,155.4856,43.4956,0.028337,0.017189,0.014554,0.006264,0.084357,0
797,26.5667,155.0035,43.8477,0.029517,0.017369,0.014552,0.020688,0.075732,0
798,26.6,155.1706,43.7125,0.029682,0.018802,0.014554,0.017247,0.08002,0
799,26.6333,155.3115,43.6093,0.028935,0.0189,0.014554,0.016189,0.109349,0
800,26.6667,155.3162,43.5819,0.028728,0.017279,0.014554,0.009123,0.275677,0
801,26.7,155.085,43.6978,0.029616,0.01716,0.014554,0.014093,0.083655,0
802,26.7333,155.1735,43.6087,0.029606,0.017158,0.014557,0.021565,0.059383,0
803,26.7667,155.4495,43.5373,0.028674,0.018095,0.014557,0.020126,0.086889,0
804,26.8,155.5938,43.452,0.028132,0.019089,0.014557,0.01789,0.035945,0
805,26.8333,155.5983,43.4724,0.027391,0.016664,0.014557,0.022311,0.059383,0
806,26.8667,155.6099,43.4431,0.02737,0.01657,0.014557,0.00678,0.045022,0
807,26.9,155.339,43.6191,0.028216,0.016664,0.014557,0.021323,0.069737,0
808,26.9333,155.4524,43.5003,0.02827,0.01659,0.014557,0.012675,0.183847,0
809,26.9667,155.4111,43.5426,0.028357,0.016917,0.014557,0.006107,0.2083,0
810,27.0,155.431,43.5432,0.028302,0.01689,0.014557,0.010064,0.161522,0
811,27.0333,155.4258,43.5503,0.028337,0.017136,0.014557,0.011611,0.130856,0
812,27.0667,155.5295,43.5527,0.027873,0.017393,0.014651,0.021024,0.054717,0
813,27.1,155.5962,43.5069,0.027603,0.01725,0.014561,0.013941,0.031269,0
814,27.1333,142.8251,107.3593,0.010409,0.017331,0.014362,0.358842,1.55422,0
815,27.1667,142.8531,107.2797,0.010363,0.01707,0.014528,0.005403,0.019345,0
816,27.2,142.874,107.3198,0.010406,0.017007,0.014699,0.004745,0.015317,0
817,27.2333,142.8677,107.2175,0.010728,0.017077,0.015189,0.008541,0.025267,0
818,27.2667,140.1204,111.8732,0.009158,0.017024,0.007593,0.064099,1.108856,0
819,27.3,142.946,73.6956,0.026538,0.017084,0.006641,0.303169,2.071179,0
820,27.3333,122.2587,54.4376,0.029999,0.016956,0.006639,0.149402,3.086211,0
821,27.3667,120.958,53.6845,0.030504,0.017,0.006643,0.029443,7.025699,0
822,27.4,120.9124,53.7242,0.030634,0.017007,0.006339,0.023488,0.69343,0
823,27.4333,120.9493,52.086,0.031591,0.019701,0.006363,0.103431,0.336722,0
824,27.4667,120.9795,52.1175,0.031031,0.017119,0.006363,0.008733,0.009878,0
825,27.5,120.978,52.1424,0.030984,0.017766,0.006363,0.006894,0.010224,0
826,27.5333,120.9173,52.2218,0.030897,0.017334,0.006363,0.007675,0.023865,0
827,27.5667,120.9143,52.2197,0.030943,0.017353,0.006363,0.005019,0.025422,0
828,27.6,120.9173,52.2586,0.03095,0.017358,0.006363,0.004853,0.01163,0
829,27.6333,120.9242,52.197,0.030973,0.017384,0.006363,0.004685,0.016884,0
830,27.6667,120.9477,52.177,0.030935,0.017215,0.006363,0.005733,0.013394,0
831,27.7,120.9637,52.2637,0.030916,0.017127,0.006357,0.006843,0.012926,0
832,27.7333,120.9377,52.2633,0.030916,0.017055,0.00635,0.006887,0.016702,0
833,27.7667,120.998,52.263,0.030899,0.017,0.006346,0.005741,0.024068,0
834,27.8,120.9999,52.2074,0.030898,0.017024,0.00635,0.005479,0.016266,0
835,27.8333,121.0124,52.2455,0.030854,0.017005,0.00635,0.004609,0.012768,0
836,27.8667,121.0139,52.2405,0.030833,0.016939,0.00635,0.005324,0.021404,0
837,27.9,121.0233,52.2614,0.030835,0.016952,0.00635,0.005048,0.010963,0
838,27.9333,121.1464,52.6364,0.031075,0.016976,0.00635,0.024952,0.022304,0
839,27.9667,121.1348,52.7001,0.031034,0.016866,0.006352,0.007334,0.023424,0
840,28.0,120.8497,52.807,0.030937,0.016958,0.006352,0.013472,0.054676,0
841,28.0333,120.7365,52.8341,0.031292,0.017338,0.006352,0.017023,0.106091,0
842,28.0667,120.8092,52.7976,0.031102,0.017406,0.006352,0.02336,0.036396,0
843,28.1,120.7883,52.5395,0.031185,0.017599,0.006352,0.022164,0.027175,0
844,28.1333,120.7418,52.6404,0.031676,0.017362,0.006352,0.027169,0.051621,0
845,28.1667,120.772,52.4179,0.033027,0.017426,0.006352,0.030262,0.043719,0
846,28.2,120.6112,52.345,0.03316,0.017643,0.006352,0.012436,0.040705,0
847,28.2333,120.6125,52.4121,0.033122,0.017138,0.00635,0.017072,0.049144,0
848,28.2667,120.838,52.388,0.032668,0.019717,0.006352,0.022322,0.046862,0
849,28.3,120.8018,52.2151,0.032004,0.017046,0.006355,0.025505,0.028201,0
850,28.3333,120.9016,52.1872,0.031586,0.018806,0.006355,0.022728,0.026171,0
851,28.3667,120.9566,52.0698,0.031166,0.017551,0.006355,0.011435,0.014216,0
852,28.4,120.9697,52.1198,0.03102,0.016844,0.006355,0.006923,0.006863,0
853,28.4333,120.9578,52.1421,0.030931,0.016875,0.006355,0.005416,0.009171,0
854,28.4667,120.968,52.1192,0.03084,0.016708,0.006355,0.004822,0.031013,0
855,28.5,120.9562,52.1747,0.0308,0.016695,0.006355,0.004585,0.011074,0
856,28.5333,120.897,52.3646,0.031004,0.016875,0.006355,0.017687,0.031333,0
857,28.5667,120.778,52.6432,0.031202,0.017092,0.006355,0.018216,0.037826,0
858,28.6,120.7841,52.5054,0.031675,0.017013,0.006355,0.014455,0.035121,0
859,28.6333,120.7563,52.5018,0.031779,0.017204,0.006355,0.007561,0.062098,0
860,28.6667,120.8127,52.5064,0.032504,0.017274,0.006355,0.020618,0.040361,0
861,28.7,120.7201,52.2819,0.032346,0.017171,0.006355,0.030648,0.057374,0
862,28.7333,120.9714,52.8398,0.033428,0.017375,0.006355,0.044402,0.074178,0
863,28.7667,141.0794,109.5192,0.010967,0.017755,0.006355,0.372925,3.117562,0
864,28.8,112.423,101.9678,0.032694,0.015798,0.012856,0.389359,6.644091,0
865,28.8333,112.4798,101.9109,0.032406,0.015745,0.0117,0.005272,0.02112,0
866,28.8667,112.6318,101.8642,0.031454,0.015791,0.006803,0.011081,0.061794,0
867,28.9,112.674,101.8334,0.031329,0.015497,0.006762,0.008674,0.023756,0
868,28.9333,112.6733,101.7814,0.031419,0.015449,0.007055,0.007262,0.022658,0
869,28.9667,112.6821,101.7445,0.031243,0.015291,0.006902,0.006437,0.025186,0
870,29.0,112.5849,101.7664,0.031664,0.015291,0.007145,0.009574,0.034314,0
871,29.0333,112.503,101.7792,0.031797,0.01551,0.007002,0.009908,0.05076,0
872,29.0667,112.4291,101.832,0.032021,0.015807,0.007,0.01089,0.042102,0
873,29.1,112.4857,101.8115,0.032106,0.015936,0.006998,0.010051,0.028203,0
874,29.1333,112.5031,101.7937,0.032106,0.015938,0.006998,0.010377,0.02781,0
875,29.1667,112.5165,101.8164,0.031913,0.015973,0.007,0.011,0.036371,0
876,29.2,112.4921,101.7863,0.031969,0.015929,0.007,0.008524,0.033885,0
877,29.2333,112.4859,101.7719,0.031866,0.015923,0.007,0.009521,0.035903,0
878,29.2667,112.4532,101.7803,0.031899,0.016,0.007002,0.008801,0.051999,0
879,29.3,112.4546,101.7708,0.031963,0.016076,0.007002,0.008153,0.049855,0
880,29.3333,112.5514,101.7589,0.032214,0.016206,0.007309,0.009257,0.059648,0
881,29.3667,112.6539,101.6698,0.032397,0.01639,0.007322,0.008191,0.037941,0
882,29.4,112.6857,101.691,0.032372,0.016671,0.00732,0.009561,0.035907,0
883,29.4333,112.6532,101.6249,0.032275,0.016801,0.007318,0.008574,0.037962,0
884,29.4667,112.6606,101.6682,0.032268,0.01691,0.00732,0.011374,0.028667,0
885,29.5,112.621,101.7121,0.032247,0.017086,0.007315,0.011,0.039099,0
886,29.5333,112.6318,101.8019,0.03225,0.017112,0.00804,0.009337,0.044288,0
887,29.5667,114.2032,98.0802,0.032573,0.020307,0.005683,0.026782,0.690186,0
888,29.6,114.7211,96.8709,0.033532,0.025094,0.005683,0.032147,0.283115,0
889,29.6333,114.7197,96.8531,0.033765,0.0245,0.00568,0.012708,0.128483,0
890,29.6667,114.7596,96.9035,0.033886,0.024162,0.005685,0.014279,0.08837,0
891,29.7,114.7576,96.9272,0.033759,0.023567,0.005685,0.012103,0.064753,0
892,29.7333,114.7588,96.897,0.033843,0.023291,0.005685,0.013588,0.046015,0
893,29.7667,114.7569,96.8263,0.033749,0.02281,0.005724,0.01177,0.060203,0
894,29.8,114.7441,96.7947,0.033504,0.022736,0.005724,0.009871,0.045025,0
895,29.8333,114.7066,96.7654,0.033472,0.022679,0.005722,0.006014,0.025113,0
896,29.8667,114.6536,96.7831,0.033453,0.022389,0.005726,0.009094,0.035799,0
897,29.9,114.6563,96.7973,0.033565,0.022255,0.005724,0.007424,0.027938,0
898,29.9333,114.7439,96.8073,0.03362,0.022174,0.005726,0.006852,0.030895,0
899,29.9667,114.7339,96.868,0.033552,0.022034,0.005674,0.00592,0.017913,0
900,30.0,114.7108,96.85,0.033518,0.021742,0.005678,0.006638,0.030421,0
901,30.0333,114.6905,96.8558,0.033512,0.021858,0.005678,0.006897,0.028294,0
902,30.0667,114.6331,96.9338,0.033518,0.021937,0.005678,0.007306,0.035297,0
903,30.1,114.6076,96.9227,0.033473,0.021922,0.005683,0.00694,0.039406,0
904,30.1333,114.5739,96.92,0.033615,0.021685,0.005685,0.006678,0.034932,0
905,30.1667,114.7123,96.9587,0.033736,0.021527,0.005685,0.012423,0.106968,0
906,30.2,114.8046,96.8924,0.033692,0.021305,0.005685,0.009581,0.029648,0
907,30.2333,114.8323,96.9076,0.033731,0.021358,0.005685,0.008123,0.041338,0
908,30.2667,114.8495,96.8632,0.033728,0.021518,0.005685,0.008791,0.033968,0
909,30.3,114.8659,96.8706,0.033647,0.02152,0.005685,0.010401,0.031774,0
910,30.3333,114.8631,96.8201,0.033676,0.021426,0.005685,0.011371,0.026674,0
911,30.3667,114.8764,96.803,0.033616,0.021437,0.005687,0.006693,0.03837,0
912,30.4,114.866,96.8508,0.033621,0.021301,0.005689,0.006495,0.025772,0
913,30.4333,114.7643,96.8933,0.033618,0.021261,0.005687,0.007325,0.051728,0
914,30.4667,114.7179,96.8528,0.033722,0.021239,0.005687,0.00928,0.045889,0
915,30.5,114.7441,96.8529,0.03372,0.021307,0.005685,0.007985,0.026685,0
916,30.5333,114.75,96.8945,0.033703,0.021428,0.005685,0.008805,0.048183,0
917,30.5667,114.6738,97.0051,0.033628,0.021731,0.005685,0.00914,0.039246,0
918,30.6,114.6723,97.063,0.033577,0.021786,0.005683,0.008087,0.027901,0
919,30.6333,114.6385,97.0354,0.033506,0.021786,0.005683,0.011916,0.04638,0
920,30.6667,114.6357,97.0487,0.033338,0.021652,0.005683,0.006745,0.040035,0
921,30.7,114.6352,97.0824,0.033482,0.021544,0.005683,0.010131,0.073575,0
922,30.7333,114.6888,97.0574,0.03359,0.021518,0.005683,0.006455,0.045928,0
923,30.7667,114.7883,97.0217,0.033573,0.021393,0.005683,0.008259,0.040538,0
924,30.8,114.8621,97.0019,0.033429,0.021312,0.005683,0.010482,0.057107,0
925,30.8333,114.8645,96.9709,0.033436,0.021342,0.005683,0.00963,0.031552,0
926,30.8667,114.8934,96.9841,0.033343,0.021268,0.005683,0.007818,0.020095,0
927,30.9,114.8995,96.9164,0.03333,0.02127,0.005683,0.009706,0.028274,0
928,30.9333,114.9167,96.9425,0.033182,0.021222,0.005683,0.00791,0.0332,0
929,30.9667,114.881,97.0127,0.03324,0.021356,0.005683,0.007725,0.034149,0
930,31.0,114.8165,97.0849,0.033265,0.021586,0.005683,0.006203,0.037378,0
931,31.0333,114.7918,97.1107,0.033276,0.021557,0.005683,0.00593,0.028175,0
932,31.0667,114.7336,97.1824,0.033302,0.021781,0.005683,0.008147,0.043378,0
933,31.1,114.7543,97.1387,0.033378,0.021757,0.005683,0.006006,0.031017,0
934,31.1333,114.7764,97.117,0.033323,0.021779,0.005683,0.005899,0.021534,0
935,31.1667,114.8243,97.0522,0.033184,0.021698,0.005683,0.006835,0.034017,0
936,31.2,114.8367,97.0183,0.033338,0.021746,0.005683,0.004752,0.028272,0
937,31.2333,114.8201,97.0337,0.033275,0.021612,0.005683,0.004242,0.020731,0
938,31.2667,114.7615,97.0144,0.033255,0.021623,0.005683,0.010507,0.067132,0
939,31.3,114.7506,96.9183,0.033338,0.021617,0.005683,0.007922,0.034118,0
940,31.3333,114.8057,96.8619,0.033521,0.021674,0.005683,0.008651,0.030917,0
